"labelString","fact","startDate","endDate","elementId","contextId","roleId"
"現金及び預金","2934075000",NA,"2018-03-31","CashAndDeposits","Prior1YearInstant_NonConsolidatedMember","BalanceSheet"
"現金及び預金","2910686000",NA,"2019-03-31","CashAndDeposits","CurrentYearInstant_NonConsolidatedMember","BalanceSheet"
"委託者未収金","57925000",NA,"2018-03-31","AccountsReceivableCustomerCACMD","Prior1YearInstant_NonConsolidatedMember","BalanceSheet"
"委託者未収金","48436000",NA,"2019-03-31","AccountsReceivableCustomerCACMD","CurrentYearInstant_NonConsolidatedMember","BalanceSheet"
"売掛金",NA,NA,"2018-03-31","AccountsReceivableTrade","Prior1YearInstant_NonConsolidatedMember","BalanceSheet"
"売掛金","49464000",NA,"2019-03-31","AccountsReceivableTrade","CurrentYearInstant_NonConsolidatedMember","BalanceSheet"
"商品","598270000",NA,"2018-03-31","Merchandise","Prior1YearInstant_NonConsolidatedMember","BalanceSheet"
"商品","623749000",NA,"2019-03-31","Merchandise","CurrentYearInstant_NonConsolidatedMember","BalanceSheet"
"貯蔵品","2279000",NA,"2018-03-31","Supplies","Prior1YearInstant_NonConsolidatedMember","BalanceSheet"
"貯蔵品","1830000",NA,"2019-03-31","Supplies","CurrentYearInstant_NonConsolidatedMember","BalanceSheet"
"前払費用","61112000",NA,"2018-03-31","PrepaidExpenses","Prior1YearInstant_NonConsolidatedMember","BalanceSheet"
"前払費用","59820000",NA,"2019-03-31","PrepaidExpenses","CurrentYearInstant_NonConsolidatedMember","BalanceSheet"
"保管有価証券","3618815000",NA,"2018-03-31","SecuritiesInCustodyCACMD","Prior1YearInstant_NonConsolidatedMember","BalanceSheet"
"保管有価証券","2425373000",NA,"2019-03-31","SecuritiesInCustodyCACMD","CurrentYearInstant_NonConsolidatedMember","BalanceSheet"
"差入保証金","9822089000",NA,"2018-03-31","GuaranteeDepositsCACMD","Prior1YearInstant_NonConsolidatedMember","BalanceSheet"
"差入保証金","8880051000",NA,"2019-03-31","GuaranteeDepositsCACMD","CurrentYearInstant_NonConsolidatedMember","BalanceSheet"
"未収入金","399834000",NA,"2018-03-31","AccountsReceivableOther","Prior1YearInstant_NonConsolidatedMember","BalanceSheet"
"未収入金","233775000",NA,"2019-03-31","AccountsReceivableOther","CurrentYearInstant_NonConsolidatedMember","BalanceSheet"
"その他","199522000",NA,"2018-03-31","OtherCA","Prior1YearInstant_NonConsolidatedMember","BalanceSheet"
"その他","6922000",NA,"2019-03-31","OtherCA","CurrentYearInstant_NonConsolidatedMember","BalanceSheet"
"貸倒引当金","-86000",NA,"2018-03-31","AllowanceForDoubtfulAccountsCA","Prior1YearInstant_NonConsolidatedMember","BalanceSheet"
"貸倒引当金","-133000",NA,"2019-03-31","AllowanceForDoubtfulAccountsCA","CurrentYearInstant_NonConsolidatedMember","BalanceSheet"
"流動資産","21333580000",NA,"2018-03-31","CurrentAssets","Prior1YearInstant_NonConsolidatedMember","BalanceSheet"
"流動資産","16565382000",NA,"2019-03-31","CurrentAssets","CurrentYearInstant_NonConsolidatedMember","BalanceSheet"
"建物","432380000",NA,"2018-03-31","Buildings","Prior1YearInstant_NonConsolidatedMember","BalanceSheet"
"建物","411102000",NA,"2019-03-31","Buildings","CurrentYearInstant_NonConsolidatedMember","BalanceSheet"
"減価償却累計額","-341674000",NA,"2018-03-31","AccumulatedDepreciationBuildings","Prior1YearInstant_NonConsolidatedMember","BalanceSheet"
"減価償却累計額","-328717000",NA,"2019-03-31","AccumulatedDepreciationBuildings","CurrentYearInstant_NonConsolidatedMember","BalanceSheet"
"建物（純額）","90705000",NA,"2018-03-31","BuildingsNet","Prior1YearInstant_NonConsolidatedMember","BalanceSheet"
"建物（純額）","82384000",NA,"2019-03-31","BuildingsNet","CurrentYearInstant_NonConsolidatedMember","BalanceSheet"
"構築物","22836000",NA,"2018-03-31","Structures","Prior1YearInstant_NonConsolidatedMember","BalanceSheet"
"構築物","22850000",NA,"2019-03-31","Structures","CurrentYearInstant_NonConsolidatedMember","BalanceSheet"
"減価償却累計額","-22836000",NA,"2018-03-31","AccumulatedDepreciationStructures","Prior1YearInstant_NonConsolidatedMember","BalanceSheet"
"減価償却累計額","-22850000",NA,"2019-03-31","AccumulatedDepreciationStructures","CurrentYearInstant_NonConsolidatedMember","BalanceSheet"
"構築物（純額）","0",NA,"2018-03-31","StructuresNet","Prior1YearInstant_NonConsolidatedMember","BalanceSheet"
"構築物（純額）","0",NA,"2019-03-31","StructuresNet","CurrentYearInstant_NonConsolidatedMember","BalanceSheet"
"車両","53426000",NA,"2018-03-31","VehiclesPPECMD","Prior1YearInstant_NonConsolidatedMember","BalanceSheet"
"車両","51725000",NA,"2019-03-31","VehiclesPPECMD","CurrentYearInstant_NonConsolidatedMember","BalanceSheet"
"減価償却累計額","-42335000",NA,"2018-03-31","AccumulatedDepreciationVehiclesCMD","Prior1YearInstant_NonConsolidatedMember","BalanceSheet"
"減価償却累計額","-44669000",NA,"2019-03-31","AccumulatedDepreciationVehiclesCMD","CurrentYearInstant_NonConsolidatedMember","BalanceSheet"
"車両（純額）","11090000",NA,"2018-03-31","VehiclesNetPPECMD","Prior1YearInstant_NonConsolidatedMember","BalanceSheet"
"車両（純額）","7055000",NA,"2019-03-31","VehiclesNetPPECMD","CurrentYearInstant_NonConsolidatedMember","BalanceSheet"
"器具及び備品","48776000",NA,"2018-03-31","FurnitureAndFixturesPPECMD","Prior1YearInstant_NonConsolidatedMember","BalanceSheet"
"器具及び備品","48803000",NA,"2019-03-31","FurnitureAndFixturesPPECMD","CurrentYearInstant_NonConsolidatedMember","BalanceSheet"
"減価償却累計額","-48776000",NA,"2018-03-31","AccumulatedDepreciationFurnitureAndFixturesCMD","Prior1YearInstant_NonConsolidatedMember","BalanceSheet"
"減価償却累計額","-48803000",NA,"2019-03-31","AccumulatedDepreciationFurnitureAndFixturesCMD","CurrentYearInstant_NonConsolidatedMember","BalanceSheet"
"器具及び備品（純額）","0",NA,"2018-03-31","FurnitureAndFixturesNetPPECMD","Prior1YearInstant_NonConsolidatedMember","BalanceSheet"
"器具及び備品（純額）","0",NA,"2019-03-31","FurnitureAndFixturesNetPPECMD","CurrentYearInstant_NonConsolidatedMember","BalanceSheet"
"土地","371074000",NA,"2018-03-31","Land","Prior1YearInstant_NonConsolidatedMember","BalanceSheet"
"土地","361430000",NA,"2019-03-31","Land","CurrentYearInstant_NonConsolidatedMember","BalanceSheet"
"リース資産","5213000",NA,"2018-03-31","LeaseAssetsPPE","Prior1YearInstant_NonConsolidatedMember","BalanceSheet"
"リース資産","5213000",NA,"2019-03-31","LeaseAssetsPPE","CurrentYearInstant_NonConsolidatedMember","BalanceSheet"
"減価償却累計額","-5213000",NA,"2018-03-31","AccumulatedDepreciationLeaseAssetsPPE","Prior1YearInstant_NonConsolidatedMember","BalanceSheet"
"減価償却累計額","-5213000",NA,"2019-03-31","AccumulatedDepreciationLeaseAssetsPPE","CurrentYearInstant_NonConsolidatedMember","BalanceSheet"
"リース資産（純額）","0",NA,"2018-03-31","LeaseAssetsNetPPE","Prior1YearInstant_NonConsolidatedMember","BalanceSheet"
"リース資産（純額）","0",NA,"2019-03-31","LeaseAssetsNetPPE","CurrentYearInstant_NonConsolidatedMember","BalanceSheet"
"有形固定資産","472871000",NA,"2018-03-31","PropertyPlantAndEquipment","Prior1YearInstant_NonConsolidatedMember","BalanceSheet"
"有形固定資産","450871000",NA,"2019-03-31","PropertyPlantAndEquipment","CurrentYearInstant_NonConsolidatedMember","BalanceSheet"
"電話加入権","0",NA,"2018-03-31","TelephoneSubscriptionRight","Prior1YearInstant_NonConsolidatedMember","BalanceSheet"
"電話加入権","0",NA,"2019-03-31","TelephoneSubscriptionRight","CurrentYearInstant_NonConsolidatedMember","BalanceSheet"
"ソフトウエア","0",NA,"2018-03-31","Software","Prior1YearInstant_NonConsolidatedMember","BalanceSheet"
"ソフトウエア","0",NA,"2019-03-31","Software","CurrentYearInstant_NonConsolidatedMember","BalanceSheet"
"リース資産","0",NA,"2018-03-31","LeaseAssetsIA","Prior1YearInstant_NonConsolidatedMember","BalanceSheet"
"リース資産","0",NA,"2019-03-31","LeaseAssetsIA","CurrentYearInstant_NonConsolidatedMember","BalanceSheet"
"無形固定資産","0",NA,"2018-03-31","IntangibleAssets","Prior1YearInstant_NonConsolidatedMember","BalanceSheet"
"無形固定資産","0",NA,"2019-03-31","IntangibleAssets","CurrentYearInstant_NonConsolidatedMember","BalanceSheet"
"投資有価証券","90660000",NA,"2018-03-31","InvestmentSecurities","Prior1YearInstant_NonConsolidatedMember","BalanceSheet"
"投資有価証券","85224000",NA,"2019-03-31","InvestmentSecurities","CurrentYearInstant_NonConsolidatedMember","BalanceSheet"
"出資金","55350000",NA,"2018-03-31","InvestmentsInCapital","Prior1YearInstant_NonConsolidatedMember","BalanceSheet"
"出資金","55350000",NA,"2019-03-31","InvestmentsInCapital","CurrentYearInstant_NonConsolidatedMember","BalanceSheet"
"長期差入保証金","400024000",NA,"2018-03-31","LongTermGuaranteeDepositsIOACMD","Prior1YearInstant_NonConsolidatedMember","BalanceSheet"
"長期差入保証金","400051000",NA,"2019-03-31","LongTermGuaranteeDepositsIOACMD","CurrentYearInstant_NonConsolidatedMember","BalanceSheet"
"従業員に対する長期貸付金",NA,NA,"2018-03-31","LongTermLoansReceivableFromEmployees","Prior1YearInstant_NonConsolidatedMember","BalanceSheet"
"従業員に対する長期貸付金","1930000",NA,"2019-03-31","LongTermLoansReceivableFromEmployees","CurrentYearInstant_NonConsolidatedMember","BalanceSheet"
"固定化営業債権","597863000",NA,"2018-03-31","BadDebts","Prior1YearInstant_NonConsolidatedMember","BalanceSheet"
"固定化営業債権","585950000",NA,"2019-03-31","BadDebts","CurrentYearInstant_NonConsolidatedMember","BalanceSheet"
"破産更生債権等","469282000",NA,"2018-03-31","ClaimsProvableInBankruptcyClaimsProvableInRehabilitationAndOther","Prior1YearInstant_NonConsolidatedMember","BalanceSheet"
"破産更生債権等","229282000",NA,"2019-03-31","ClaimsProvableInBankruptcyClaimsProvableInRehabilitationAndOther","CurrentYearInstant_NonConsolidatedMember","BalanceSheet"
"長期前払費用","0",NA,"2018-03-31","LongTermPrepaidExpenses","Prior1YearInstant_NonConsolidatedMember","BalanceSheet"
"長期前払費用","0",NA,"2019-03-31","LongTermPrepaidExpenses","CurrentYearInstant_NonConsolidatedMember","BalanceSheet"
"敷金及び保証金","650562000",NA,"2018-03-31","LeaseAndGuaranteeDeposits","Prior1YearInstant_NonConsolidatedMember","BalanceSheet"
"敷金及び保証金","640000000",NA,"2019-03-31","LeaseAndGuaranteeDeposits","CurrentYearInstant_NonConsolidatedMember","BalanceSheet"
"その他","4973000",NA,"2018-03-31","OtherIOA","Prior1YearInstant_NonConsolidatedMember","BalanceSheet"
"その他","4005000",NA,"2019-03-31","OtherIOA","CurrentYearInstant_NonConsolidatedMember","BalanceSheet"
"貸倒引当金","-592554000",NA,"2018-03-31","AllowanceForDoubtfulAccountsIOAByGroup","Prior1YearInstant_NonConsolidatedMember","BalanceSheet"
"貸倒引当金","-581243000",NA,"2019-03-31","AllowanceForDoubtfulAccountsIOAByGroup","CurrentYearInstant_NonConsolidatedMember","BalanceSheet"
"投資その他の資産","1676162000",NA,"2018-03-31","InvestmentsAndOtherAssets","Prior1YearInstant_NonConsolidatedMember","BalanceSheet"
"投資その他の資産","1420551000",NA,"2019-03-31","InvestmentsAndOtherAssets","CurrentYearInstant_NonConsolidatedMember","BalanceSheet"
"固定資産","2149033000",NA,"2018-03-31","NoncurrentAssets","Prior1YearInstant_NonConsolidatedMember","BalanceSheet"
"固定資産","1871422000",NA,"2019-03-31","NoncurrentAssets","CurrentYearInstant_NonConsolidatedMember","BalanceSheet"
"資産","23482614000",NA,"2018-03-31","Assets","Prior1YearInstant_NonConsolidatedMember","BalanceSheet"
"資産","18436805000",NA,"2019-03-31","Assets","CurrentYearInstant_NonConsolidatedMember","BalanceSheet"
"買掛金","92606000",NA,"2018-03-31","AccountsPayableTrade","Prior1YearInstant_NonConsolidatedMember","BalanceSheet"
"買掛金","14844000",NA,"2019-03-31","AccountsPayableTrade","CurrentYearInstant_NonConsolidatedMember","BalanceSheet"
"リース債務","7714000",NA,"2018-03-31","LeaseObligationsCL","Prior1YearInstant_NonConsolidatedMember","BalanceSheet"
"リース債務","4042000",NA,"2019-03-31","LeaseObligationsCL","CurrentYearInstant_NonConsolidatedMember","BalanceSheet"
"未払金","363742000",NA,"2018-03-31","AccountsPayableOther","Prior1YearInstant_NonConsolidatedMember","BalanceSheet"
"未払金","78523000",NA,"2019-03-31","AccountsPayableOther","CurrentYearInstant_NonConsolidatedMember","BalanceSheet"
"未払費用","31280000",NA,"2018-03-31","AccruedExpenses","Prior1YearInstant_NonConsolidatedMember","BalanceSheet"
"未払費用","31373000",NA,"2019-03-31","AccruedExpenses","CurrentYearInstant_NonConsolidatedMember","BalanceSheet"
"未払法人税等","42342000",NA,"2018-03-31","IncomeTaxesPayable","Prior1YearInstant_NonConsolidatedMember","BalanceSheet"
"未払法人税等","43462000",NA,"2019-03-31","IncomeTaxesPayable","CurrentYearInstant_NonConsolidatedMember","BalanceSheet"
"預り金","11580000",NA,"2018-03-31","DepositsReceived","Prior1YearInstant_NonConsolidatedMember","BalanceSheet"
"預り金","12342000",NA,"2019-03-31","DepositsReceived","CurrentYearInstant_NonConsolidatedMember","BalanceSheet"
"賞与引当金","35935000",NA,"2018-03-31","ProvisionForBonuses","Prior1YearInstant_NonConsolidatedMember","BalanceSheet"
"賞与引当金","35192000",NA,"2019-03-31","ProvisionForBonuses","CurrentYearInstant_NonConsolidatedMember","BalanceSheet"
"訴訟損失引当金","3000000",NA,"2018-03-31","ProvisionForLossOnLitigationCL","Prior1YearInstant_NonConsolidatedMember","BalanceSheet"
"訴訟損失引当金",NA,NA,"2019-03-31","ProvisionForLossOnLitigationCL","CurrentYearInstant_NonConsolidatedMember","BalanceSheet"
"預り証拠金","13108459000",NA,"2018-03-31","CustomersDepositsReceivedForCommodityFuturesTransactionCLCMD","Prior1YearInstant_NonConsolidatedMember","BalanceSheet"
"預り証拠金","9956300000",NA,"2019-03-31","CustomersDepositsReceivedForCommodityFuturesTransactionCLCMD","CurrentYearInstant_NonConsolidatedMember","BalanceSheet"
"預り証拠金代用有価証券","3618815000",NA,"2018-03-31","SecuritiesReceivedAsCustomersDepositsForCommodityFuturesTransactionCLCMD","Prior1YearInstant_NonConsolidatedMember","BalanceSheet"
"預り証拠金代用有価証券","2425373000",NA,"2019-03-31","SecuritiesReceivedAsCustomersDepositsForCommodityFuturesTransactionCLCMD","CurrentYearInstant_NonConsolidatedMember","BalanceSheet"
"その他","101241000",NA,"2018-03-31","OtherCL","Prior1YearInstant_NonConsolidatedMember","BalanceSheet"
"その他","92972000",NA,"2019-03-31","OtherCL","CurrentYearInstant_NonConsolidatedMember","BalanceSheet"
"流動負債","17416717000",NA,"2018-03-31","CurrentLiabilities","Prior1YearInstant_NonConsolidatedMember","BalanceSheet"
"流動負債","12694427000",NA,"2019-03-31","CurrentLiabilities","CurrentYearInstant_NonConsolidatedMember","BalanceSheet"
"リース債務","6982000",NA,"2018-03-31","LeaseObligationsNCL","Prior1YearInstant_NonConsolidatedMember","BalanceSheet"
"リース債務","2939000",NA,"2019-03-31","LeaseObligationsNCL","CurrentYearInstant_NonConsolidatedMember","BalanceSheet"
"繰延税金負債","4668000",NA,"2018-03-31","DeferredTaxLiabilitiesNCL","Prior1YearInstant_NonConsolidatedMember","BalanceSheet"
"繰延税金負債","3003000",NA,"2019-03-31","DeferredTaxLiabilitiesNCL","CurrentYearInstant_NonConsolidatedMember","BalanceSheet"
"退職給付引当金","255126000",NA,"2018-03-31","ProvisionForRetirementBenefits","Prior1YearInstant_NonConsolidatedMember","BalanceSheet"
"退職給付引当金","247637000",NA,"2019-03-31","ProvisionForRetirementBenefits","CurrentYearInstant_NonConsolidatedMember","BalanceSheet"
"その他","625000",NA,"2018-03-31","OtherNCL","Prior1YearInstant_NonConsolidatedMember","BalanceSheet"
"その他","290000",NA,"2019-03-31","OtherNCL","CurrentYearInstant_NonConsolidatedMember","BalanceSheet"
"固定負債","267402000",NA,"2018-03-31","NoncurrentLiabilities","Prior1YearInstant_NonConsolidatedMember","BalanceSheet"
"固定負債","253871000",NA,"2019-03-31","NoncurrentLiabilities","CurrentYearInstant_NonConsolidatedMember","BalanceSheet"
"商品取引責任準備金","22444000",NA,"2018-03-31","ReserveForCommoditiesTransactionLiabilitiesReservesUnderTheSpecialLawsCMD","Prior1YearInstant_NonConsolidatedMember","BalanceSheet"
"商品取引責任準備金","26791000",NA,"2019-03-31","ReserveForCommoditiesTransactionLiabilitiesReservesUnderTheSpecialLawsCMD","CurrentYearInstant_NonConsolidatedMember","BalanceSheet"
"特別法上の準備金","22444000",NA,"2018-03-31","ReservesUnderTheSpecialLaws1","Prior1YearInstant_NonConsolidatedMember","BalanceSheet"
"特別法上の準備金","26791000",NA,"2019-03-31","ReservesUnderTheSpecialLaws1","CurrentYearInstant_NonConsolidatedMember","BalanceSheet"
"負債","17706563000",NA,"2018-03-31","Liabilities","Prior1YearInstant_NonConsolidatedMember","BalanceSheet"
"負債","12975090000",NA,"2019-03-31","Liabilities","CurrentYearInstant_NonConsolidatedMember","BalanceSheet"
"資本金","2693150000",NA,"2018-03-31","CapitalStock","Prior1YearInstant_NonConsolidatedMember","BalanceSheet"
"資本金","2693150000",NA,"2019-03-31","CapitalStock","CurrentYearInstant_NonConsolidatedMember","BalanceSheet"
"資本準備金","2629570000",NA,"2018-03-31","LegalCapitalSurplus","Prior1YearInstant_NonConsolidatedMember","BalanceSheet"
"資本準備金","2629570000",NA,"2019-03-31","LegalCapitalSurplus","CurrentYearInstant_NonConsolidatedMember","BalanceSheet"
"その他資本剰余金","42501000",NA,"2018-03-31","OtherCapitalSurplus","Prior1YearInstant_NonConsolidatedMember","BalanceSheet"
"その他資本剰余金","42501000",NA,"2019-03-31","OtherCapitalSurplus","CurrentYearInstant_NonConsolidatedMember","BalanceSheet"
"資本剰余金","2672071000",NA,"2018-03-31","CapitalSurplus","Prior1YearInstant_NonConsolidatedMember","BalanceSheet"
"資本剰余金","2672071000",NA,"2019-03-31","CapitalSurplus","CurrentYearInstant_NonConsolidatedMember","BalanceSheet"
"利益準備金","336150000",NA,"2018-03-31","LegalRetainedEarnings","Prior1YearInstant_NonConsolidatedMember","BalanceSheet"
"利益準備金","336150000",NA,"2019-03-31","LegalRetainedEarnings","CurrentYearInstant_NonConsolidatedMember","BalanceSheet"
"別途積立金","1000000000",NA,"2018-03-31","GeneralReserve","Prior1YearInstant_NonConsolidatedMember","BalanceSheet"
"別途積立金","1000000000",NA,"2019-03-31","GeneralReserve","CurrentYearInstant_NonConsolidatedMember","BalanceSheet"
"繰越利益剰余金","-689942000",NA,"2018-03-31","RetainedEarningsBroughtForward","Prior1YearInstant_NonConsolidatedMember","BalanceSheet"
"繰越利益剰余金","-1000506000",NA,"2019-03-31","RetainedEarningsBroughtForward","CurrentYearInstant_NonConsolidatedMember","BalanceSheet"
"利益剰余金","646208000",NA,"2018-03-31","RetainedEarnings","Prior1YearInstant_NonConsolidatedMember","BalanceSheet"
"利益剰余金","335644000",NA,"2019-03-31","RetainedEarnings","CurrentYearInstant_NonConsolidatedMember","BalanceSheet"
"自己株式","-245957000",NA,"2018-03-31","TreasuryStock","Prior1YearInstant_NonConsolidatedMember","BalanceSheet"
"自己株式","-245957000",NA,"2019-03-31","TreasuryStock","CurrentYearInstant_NonConsolidatedMember","BalanceSheet"
"株主資本","5765473000",NA,"2018-03-31","ShareholdersEquity","Prior1YearInstant_NonConsolidatedMember","BalanceSheet"
"株主資本","5454908000",NA,"2019-03-31","ShareholdersEquity","CurrentYearInstant_NonConsolidatedMember","BalanceSheet"
"その他有価証券評価差額金","10577000",NA,"2018-03-31","ValuationDifferenceOnAvailableForSaleSecurities","Prior1YearInstant_NonConsolidatedMember","BalanceSheet"
"その他有価証券評価差額金","6805000",NA,"2019-03-31","ValuationDifferenceOnAvailableForSaleSecurities","CurrentYearInstant_NonConsolidatedMember","BalanceSheet"
"評価・換算差額等","10577000",NA,"2018-03-31","ValuationAndTranslationAdjustments","Prior1YearInstant_NonConsolidatedMember","BalanceSheet"
"評価・換算差額等","6805000",NA,"2019-03-31","ValuationAndTranslationAdjustments","CurrentYearInstant_NonConsolidatedMember","BalanceSheet"
"純資産","5776050000",NA,"2018-03-31","NetAssets","Prior1YearInstant_NonConsolidatedMember","BalanceSheet"
"純資産","5776050000",NA,"2018-03-31","NetAssets","Prior1YearInstant_NonConsolidatedMember","StatementOfChangesInEquity"
"純資産","5461714000",NA,"2019-03-31","NetAssets","CurrentYearInstant_NonConsolidatedMember","BalanceSheet"
"純資産","5461714000",NA,"2019-03-31","NetAssets","CurrentYearInstant_NonConsolidatedMember","StatementOfChangesInEquity"
"負債純資産","23482614000",NA,"2018-03-31","LiabilitiesAndNetAssets","Prior1YearInstant_NonConsolidatedMember","BalanceSheet"
"負債純資産","18436805000",NA,"2019-03-31","LiabilitiesAndNetAssets","CurrentYearInstant_NonConsolidatedMember","BalanceSheet"
"受取手数料","3955546000","2017-04-01","2018-03-31","BrokerageIncomeORCMD","Prior1YearDuration_NonConsolidatedMember","StatementOfIncome"
"受取手数料","3394152000","2018-04-01","2019-03-31","BrokerageIncomeORCMD","CurrentYearDuration_NonConsolidatedMember","StatementOfIncome"
"売買損益","119329000","2017-04-01","2018-03-31","NetGainOnTradingORCMD","Prior1YearDuration_NonConsolidatedMember","StatementOfIncome"
"売買損益","143997000","2018-04-01","2019-03-31","NetGainOnTradingORCMD","CurrentYearDuration_NonConsolidatedMember","StatementOfIncome"
"営業収益","4074876000","2017-04-01","2018-03-31","OperatingRevenueCMD","Prior1YearDuration_NonConsolidatedMember","StatementOfIncome"
"営業収益","3538149000","2018-04-01","2019-03-31","OperatingRevenueCMD","CurrentYearDuration_NonConsolidatedMember","StatementOfIncome"
"人件費","1828917000","2017-04-01","2018-03-31","PersonalExpensesSGA","Prior1YearDuration_NonConsolidatedMember","StatementOfIncome"
"人件費","1674986000","2018-04-01","2019-03-31","PersonalExpensesSGA","CurrentYearDuration_NonConsolidatedMember","StatementOfIncome"
"広告宣伝費","822822000","2017-04-01","2018-03-31","AdvertisingExpensesSGA","Prior1YearDuration_NonConsolidatedMember","StatementOfIncome"
"広告宣伝費","680766000","2018-04-01","2019-03-31","AdvertisingExpensesSGA","CurrentYearDuration_NonConsolidatedMember","StatementOfIncome"
"旅費及び交通費","129276000","2017-04-01","2018-03-31","TravelingAndTransportationExpensesSGA","Prior1YearDuration_NonConsolidatedMember","StatementOfIncome"
"旅費及び交通費","111991000","2018-04-01","2019-03-31","TravelingAndTransportationExpensesSGA","CurrentYearDuration_NonConsolidatedMember","StatementOfIncome"
"取引所関係費","65109000","2017-04-01","2018-03-31","ExchangeRelatedExpensesSGACMD","Prior1YearDuration_NonConsolidatedMember","StatementOfIncome"
"取引所関係費","56785000","2018-04-01","2019-03-31","ExchangeRelatedExpensesSGACMD","CurrentYearDuration_NonConsolidatedMember","StatementOfIncome"
"通信費","74408000","2017-04-01","2018-03-31","CommunicationExpensesSGA","Prior1YearDuration_NonConsolidatedMember","StatementOfIncome"
"通信費","71919000","2018-04-01","2019-03-31","CommunicationExpensesSGA","CurrentYearDuration_NonConsolidatedMember","StatementOfIncome"
"地代家賃","541369000","2017-04-01","2018-03-31","RentsSGA","Prior1YearDuration_NonConsolidatedMember","StatementOfIncome"
"地代家賃","536499000","2018-04-01","2019-03-31","RentsSGA","CurrentYearDuration_NonConsolidatedMember","StatementOfIncome"
"減価償却費","35248000","2017-04-01","2018-03-31","DepreciationSGA","Prior1YearDuration_NonConsolidatedMember","StatementOfIncome"
"減価償却費","18226000","2018-04-01","2019-03-31","DepreciationSGA","CurrentYearDuration_NonConsolidatedMember","StatementOfIncome"
"その他","432442000","2017-04-01","2018-03-31","OtherSGA","Prior1YearDuration_NonConsolidatedMember","StatementOfIncome"
"その他","425876000","2018-04-01","2019-03-31","OtherSGA","CurrentYearDuration_NonConsolidatedMember","StatementOfIncome"
"営業費用","4220551000","2017-04-01","2018-03-31","OperatingExpensesCMD","Prior1YearDuration_NonConsolidatedMember","StatementOfIncome"
"営業費用","3865840000","2018-04-01","2019-03-31","OperatingExpensesCMD","CurrentYearDuration_NonConsolidatedMember","StatementOfIncome"
"営業利益又は営業損失（△）","-145675000","2017-04-01","2018-03-31","OperatingIncome","Prior1YearDuration_NonConsolidatedMember","StatementOfIncome"
"営業利益又は営業損失（△）","-327691000","2018-04-01","2019-03-31","OperatingIncome","CurrentYearDuration_NonConsolidatedMember","StatementOfIncome"
"受取利息","97000","2017-04-01","2018-03-31","InterestIncomeNOI","Prior1YearDuration_NonConsolidatedMember","StatementOfIncome"
"受取利息","105000","2018-04-01","2019-03-31","InterestIncomeNOI","CurrentYearDuration_NonConsolidatedMember","StatementOfIncome"
"受取配当金","600000","2017-04-01","2018-03-31","DividendsIncomeNOI","Prior1YearDuration_NonConsolidatedMember","StatementOfIncome"
"受取配当金","614000","2018-04-01","2019-03-31","DividendsIncomeNOI","CurrentYearDuration_NonConsolidatedMember","StatementOfIncome"
"貸倒引当金戻入額","104251000","2017-04-01","2018-03-31","ReversalOfAllowanceForDoubtfulAccountsNOI","Prior1YearDuration_NonConsolidatedMember","StatementOfIncome"
"貸倒引当金戻入額","10014000","2018-04-01","2019-03-31","ReversalOfAllowanceForDoubtfulAccountsNOI","CurrentYearDuration_NonConsolidatedMember","StatementOfIncome"
"為替差益",NA,"2017-04-01","2018-03-31","ForeignExchangeGainsNOI","Prior1YearDuration_NonConsolidatedMember","StatementOfIncome"
"為替差益","522000","2018-04-01","2019-03-31","ForeignExchangeGainsNOI","CurrentYearDuration_NonConsolidatedMember","StatementOfIncome"
"償却債権取立益","68000","2017-04-01","2018-03-31","GainOnBadDebtsRecoveredNOI","Prior1YearDuration_NonConsolidatedMember","StatementOfIncome"
"償却債権取立益",NA,"2018-04-01","2019-03-31","GainOnBadDebtsRecoveredNOI","CurrentYearDuration_NonConsolidatedMember","StatementOfIncome"
"その他","7342000","2017-04-01","2018-03-31","OtherNOI","Prior1YearDuration_NonConsolidatedMember","StatementOfIncome"
"その他","2827000","2018-04-01","2019-03-31","OtherNOI","CurrentYearDuration_NonConsolidatedMember","StatementOfIncome"
"営業外収益","133299000","2017-04-01","2018-03-31","NonOperatingIncome","Prior1YearDuration_NonConsolidatedMember","StatementOfIncome"
"営業外収益","43337000","2018-04-01","2019-03-31","NonOperatingIncome","CurrentYearDuration_NonConsolidatedMember","StatementOfIncome"
"支払利息","377000","2017-04-01","2018-03-31","InterestExpensesNOE","Prior1YearDuration_NonConsolidatedMember","StatementOfIncome"
"支払利息","133000","2018-04-01","2019-03-31","InterestExpensesNOE","CurrentYearDuration_NonConsolidatedMember","StatementOfIncome"
"為替差損","657000","2017-04-01","2018-03-31","ForeignExchangeLossesNOE","Prior1YearDuration_NonConsolidatedMember","StatementOfIncome"
"為替差損",NA,"2018-04-01","2019-03-31","ForeignExchangeLossesNOE","CurrentYearDuration_NonConsolidatedMember","StatementOfIncome"
"その他","56000","2017-04-01","2018-03-31","OtherNOE","Prior1YearDuration_NonConsolidatedMember","StatementOfIncome"
"その他","800000","2018-04-01","2019-03-31","OtherNOE","CurrentYearDuration_NonConsolidatedMember","StatementOfIncome"
"営業外費用","1441000","2017-04-01","2018-03-31","NonOperatingExpenses","Prior1YearDuration_NonConsolidatedMember","StatementOfIncome"
"営業外費用","1283000","2018-04-01","2019-03-31","NonOperatingExpenses","CurrentYearDuration_NonConsolidatedMember","StatementOfIncome"
"経常利益又は経常損失（△）","-13817000","2017-04-01","2018-03-31","OrdinaryIncome","Prior1YearDuration_NonConsolidatedMember","StatementOfIncome"
"経常利益又は経常損失（△）","-285637000","2018-04-01","2019-03-31","OrdinaryIncome","CurrentYearDuration_NonConsolidatedMember","StatementOfIncome"
"固定資産売却益","474000","2017-04-01","2018-03-31","GainOnSalesOfNoncurrentAssetsEI","Prior1YearDuration_NonConsolidatedMember","StatementOfIncome"
"固定資産売却益","5531000","2018-04-01","2019-03-31","GainOnSalesOfNoncurrentAssetsEI","CurrentYearDuration_NonConsolidatedMember","StatementOfIncome"
"商品取引責任準備金戻入額","137410000","2017-04-01","2018-03-31","ReversalOfReserveForCommoditiesTransactionLiabilitiesEI","Prior1YearDuration_NonConsolidatedMember","StatementOfIncome"
"商品取引責任準備金戻入額","149491000","2018-04-01","2019-03-31","ReversalOfReserveForCommoditiesTransactionLiabilitiesEI","CurrentYearDuration_NonConsolidatedMember","StatementOfIncome"
"特別利益","137884000","2017-04-01","2018-03-31","ExtraordinaryIncome","Prior1YearDuration_NonConsolidatedMember","StatementOfIncome"
"特別利益","155023000","2018-04-01","2019-03-31","ExtraordinaryIncome","CurrentYearDuration_NonConsolidatedMember","StatementOfIncome"
"固定資産除売却損","187000","2017-04-01","2018-03-31","LossOnSalesAndRetirementOfNoncurrentAssetsEL","Prior1YearDuration_NonConsolidatedMember","StatementOfIncome"
"固定資産除売却損","5710000","2018-04-01","2019-03-31","LossOnSalesAndRetirementOfNoncurrentAssetsEL","CurrentYearDuration_NonConsolidatedMember","StatementOfIncome"
"商品取引責任準備金繰入額","135022000","2017-04-01","2018-03-31","ProvisionOfReserveForCommoditiesTransactionLiabilitiesEL","Prior1YearDuration_NonConsolidatedMember","StatementOfIncome"
"商品取引責任準備金繰入額","153838000","2018-04-01","2019-03-31","ProvisionOfReserveForCommoditiesTransactionLiabilitiesEL","CurrentYearDuration_NonConsolidatedMember","StatementOfIncome"
"減損損失","11438000","2017-04-01","2018-03-31","ImpairmentLossEL","Prior1YearDuration_NonConsolidatedMember","StatementOfIncome"
"減損損失","263000","2018-04-01","2019-03-31","ImpairmentLossEL","CurrentYearDuration_NonConsolidatedMember","StatementOfIncome"
"会員権評価損",NA,"2017-04-01","2018-03-31","LossOnValuationOfMembershipEL","Prior1YearDuration_NonConsolidatedMember","StatementOfIncome"
"会員権評価損","967000","2018-04-01","2019-03-31","LossOnValuationOfMembershipEL","CurrentYearDuration_NonConsolidatedMember","StatementOfIncome"
"特別損失","146648000","2017-04-01","2018-03-31","ExtraordinaryLoss","Prior1YearDuration_NonConsolidatedMember","StatementOfIncome"
"特別損失","160779000","2018-04-01","2019-03-31","ExtraordinaryLoss","CurrentYearDuration_NonConsolidatedMember","StatementOfIncome"
"税引前当期純利益又は税引前当期純損失（△）","-22581000","2017-04-01","2018-03-31","IncomeBeforeIncomeTaxes","Prior1YearDuration_NonConsolidatedMember","StatementOfIncome"
"税引前当期純利益又は税引前当期純損失（△）","-22581000","2017-04-01","2018-03-31","IncomeBeforeIncomeTaxes","Prior1YearDuration_NonConsolidatedMember","StatementOfCashFlows-indirect"
"税引前当期純利益又は税引前当期純損失（△）","-291393000","2018-04-01","2019-03-31","IncomeBeforeIncomeTaxes","CurrentYearDuration_NonConsolidatedMember","StatementOfIncome"
"税引前当期純利益又は税引前当期純損失（△）","-291393000","2018-04-01","2019-03-31","IncomeBeforeIncomeTaxes","CurrentYearDuration_NonConsolidatedMember","StatementOfCashFlows-indirect"
"法人税、住民税及び事業税","19170000","2017-04-01","2018-03-31","IncomeTaxesCurrent","Prior1YearDuration_NonConsolidatedMember","StatementOfIncome"
"法人税、住民税及び事業税","19170000","2018-04-01","2019-03-31","IncomeTaxesCurrent","CurrentYearDuration_NonConsolidatedMember","StatementOfIncome"
"法人税等","19170000","2017-04-01","2018-03-31","IncomeTaxes","Prior1YearDuration_NonConsolidatedMember","StatementOfIncome"
"法人税等","19170000","2018-04-01","2019-03-31","IncomeTaxes","CurrentYearDuration_NonConsolidatedMember","StatementOfIncome"
"当期純利益又は当期純損失（△）","-41751000","2017-04-01","2018-03-31","ProfitLoss","Prior1YearDuration_NonConsolidatedMember","StatementOfIncome"
"当期純利益又は当期純損失（△）","-41751000","2017-04-01","2018-03-31","ProfitLoss","Prior1YearDuration_NonConsolidatedMember","StatementOfChangesInEquity"
"当期純利益又は当期純損失（△）","-310564000","2018-04-01","2019-03-31","ProfitLoss","CurrentYearDuration_NonConsolidatedMember","StatementOfIncome"
"当期純利益又は当期純損失（△）","-310564000","2018-04-01","2019-03-31","ProfitLoss","CurrentYearDuration_NonConsolidatedMember","StatementOfChangesInEquity"
"純資産","2693150000",NA,"2017-03-31","NetAssets","Prior2YearInstant_NonConsolidatedMember_CapitalStockMember","BalanceSheet"
"純資産","2693150000",NA,"2017-03-31","NetAssets","Prior2YearInstant_NonConsolidatedMember_CapitalStockMember","StatementOfChangesInEquity"
"純資産","2629570000",NA,"2017-03-31","NetAssets","Prior2YearInstant_NonConsolidatedMember_LegalCapitalSurplusMember","BalanceSheet"
"純資産","2629570000",NA,"2017-03-31","NetAssets","Prior2YearInstant_NonConsolidatedMember_LegalCapitalSurplusMember","StatementOfChangesInEquity"
"純資産","42501000",NA,"2017-03-31","NetAssets","Prior2YearInstant_NonConsolidatedMember_OtherCapitalSurplusMember","BalanceSheet"
"純資産","42501000",NA,"2017-03-31","NetAssets","Prior2YearInstant_NonConsolidatedMember_OtherCapitalSurplusMember","StatementOfChangesInEquity"
"純資産","2672071000",NA,"2017-03-31","NetAssets","Prior2YearInstant_NonConsolidatedMember_CapitalSurplusMember","BalanceSheet"
"純資産","2672071000",NA,"2017-03-31","NetAssets","Prior2YearInstant_NonConsolidatedMember_CapitalSurplusMember","StatementOfChangesInEquity"
"純資産","336150000",NA,"2017-03-31","NetAssets","Prior2YearInstant_NonConsolidatedMember_LegalRetainedEarningsMember","BalanceSheet"
"純資産","336150000",NA,"2017-03-31","NetAssets","Prior2YearInstant_NonConsolidatedMember_LegalRetainedEarningsMember","StatementOfChangesInEquity"
"純資産","1000000000",NA,"2017-03-31","NetAssets","Prior2YearInstant_NonConsolidatedMember_GeneralReserveMember","BalanceSheet"
"純資産","1000000000",NA,"2017-03-31","NetAssets","Prior2YearInstant_NonConsolidatedMember_GeneralReserveMember","StatementOfChangesInEquity"
"純資産","-648190000",NA,"2017-03-31","NetAssets","Prior2YearInstant_NonConsolidatedMember_RetainedEarningsBroughtForwardMember","BalanceSheet"
"純資産","-648190000",NA,"2017-03-31","NetAssets","Prior2YearInstant_NonConsolidatedMember_RetainedEarningsBroughtForwardMember","StatementOfChangesInEquity"
"純資産","687959000",NA,"2017-03-31","NetAssets","Prior2YearInstant_NonConsolidatedMember_RetainedEarningsMember","BalanceSheet"
"純資産","687959000",NA,"2017-03-31","NetAssets","Prior2YearInstant_NonConsolidatedMember_RetainedEarningsMember","StatementOfChangesInEquity"
"当期純利益又は当期純損失（△）","-41751000","2017-04-01","2018-03-31","ProfitLoss","Prior1YearDuration_NonConsolidatedMember_RetainedEarningsBroughtForwardMember","StatementOfIncome"
"当期純利益又は当期純損失（△）","-41751000","2017-04-01","2018-03-31","ProfitLoss","Prior1YearDuration_NonConsolidatedMember_RetainedEarningsBroughtForwardMember","StatementOfChangesInEquity"
"当期純利益又は当期純損失（△）","-41751000","2017-04-01","2018-03-31","ProfitLoss","Prior1YearDuration_NonConsolidatedMember_RetainedEarningsMember","StatementOfIncome"
"当期純利益又は当期純損失（△）","-41751000","2017-04-01","2018-03-31","ProfitLoss","Prior1YearDuration_NonConsolidatedMember_RetainedEarningsMember","StatementOfChangesInEquity"
"当期変動額合計",NA,"2017-04-01","2018-03-31","TotalChangesOfItemsDuringThePeriod","Prior1YearDuration_NonConsolidatedMember_CapitalStockMember","StatementOfChangesInEquity"
"当期変動額合計",NA,"2017-04-01","2018-03-31","TotalChangesOfItemsDuringThePeriod","Prior1YearDuration_NonConsolidatedMember_LegalCapitalSurplusMember","StatementOfChangesInEquity"
"当期変動額合計",NA,"2017-04-01","2018-03-31","TotalChangesOfItemsDuringThePeriod","Prior1YearDuration_NonConsolidatedMember_OtherCapitalSurplusMember","StatementOfChangesInEquity"
"当期変動額合計",NA,"2017-04-01","2018-03-31","TotalChangesOfItemsDuringThePeriod","Prior1YearDuration_NonConsolidatedMember_CapitalSurplusMember","StatementOfChangesInEquity"
"当期変動額合計",NA,"2017-04-01","2018-03-31","TotalChangesOfItemsDuringThePeriod","Prior1YearDuration_NonConsolidatedMember_LegalRetainedEarningsMember","StatementOfChangesInEquity"
"当期変動額合計",NA,"2017-04-01","2018-03-31","TotalChangesOfItemsDuringThePeriod","Prior1YearDuration_NonConsolidatedMember_GeneralReserveMember","StatementOfChangesInEquity"
"当期変動額合計","-41751000","2017-04-01","2018-03-31","TotalChangesOfItemsDuringThePeriod","Prior1YearDuration_NonConsolidatedMember_RetainedEarningsBroughtForwardMember","StatementOfChangesInEquity"
"当期変動額合計","-41751000","2017-04-01","2018-03-31","TotalChangesOfItemsDuringThePeriod","Prior1YearDuration_NonConsolidatedMember_RetainedEarningsMember","StatementOfChangesInEquity"
"純資産","2693150000",NA,"2018-03-31","NetAssets","Prior1YearInstant_NonConsolidatedMember_CapitalStockMember","BalanceSheet"
"純資産","2693150000",NA,"2018-03-31","NetAssets","Prior1YearInstant_NonConsolidatedMember_CapitalStockMember","StatementOfChangesInEquity"
"純資産","2629570000",NA,"2018-03-31","NetAssets","Prior1YearInstant_NonConsolidatedMember_LegalCapitalSurplusMember","BalanceSheet"
"純資産","2629570000",NA,"2018-03-31","NetAssets","Prior1YearInstant_NonConsolidatedMember_LegalCapitalSurplusMember","StatementOfChangesInEquity"
"純資産","42501000",NA,"2018-03-31","NetAssets","Prior1YearInstant_NonConsolidatedMember_OtherCapitalSurplusMember","BalanceSheet"
"純資産","42501000",NA,"2018-03-31","NetAssets","Prior1YearInstant_NonConsolidatedMember_OtherCapitalSurplusMember","StatementOfChangesInEquity"
"純資産","2672071000",NA,"2018-03-31","NetAssets","Prior1YearInstant_NonConsolidatedMember_CapitalSurplusMember","BalanceSheet"
"純資産","2672071000",NA,"2018-03-31","NetAssets","Prior1YearInstant_NonConsolidatedMember_CapitalSurplusMember","StatementOfChangesInEquity"
"純資産","336150000",NA,"2018-03-31","NetAssets","Prior1YearInstant_NonConsolidatedMember_LegalRetainedEarningsMember","BalanceSheet"
"純資産","336150000",NA,"2018-03-31","NetAssets","Prior1YearInstant_NonConsolidatedMember_LegalRetainedEarningsMember","StatementOfChangesInEquity"
"純資産","1000000000",NA,"2018-03-31","NetAssets","Prior1YearInstant_NonConsolidatedMember_GeneralReserveMember","BalanceSheet"
"純資産","1000000000",NA,"2018-03-31","NetAssets","Prior1YearInstant_NonConsolidatedMember_GeneralReserveMember","StatementOfChangesInEquity"
"純資産","-689942000",NA,"2018-03-31","NetAssets","Prior1YearInstant_NonConsolidatedMember_RetainedEarningsBroughtForwardMember","BalanceSheet"
"純資産","-689942000",NA,"2018-03-31","NetAssets","Prior1YearInstant_NonConsolidatedMember_RetainedEarningsBroughtForwardMember","StatementOfChangesInEquity"
"純資産","646208000",NA,"2018-03-31","NetAssets","Prior1YearInstant_NonConsolidatedMember_RetainedEarningsMember","BalanceSheet"
"純資産","646208000",NA,"2018-03-31","NetAssets","Prior1YearInstant_NonConsolidatedMember_RetainedEarningsMember","StatementOfChangesInEquity"
"純資産","-245957000",NA,"2017-03-31","NetAssets","Prior2YearInstant_NonConsolidatedMember_TreasuryStockMember","BalanceSheet"
"純資産","-245957000",NA,"2017-03-31","NetAssets","Prior2YearInstant_NonConsolidatedMember_TreasuryStockMember","StatementOfChangesInEquity"
"純資産","5807224000",NA,"2017-03-31","NetAssets","Prior2YearInstant_NonConsolidatedMember_ShareholdersEquityMember","BalanceSheet"
"純資産","5807224000",NA,"2017-03-31","NetAssets","Prior2YearInstant_NonConsolidatedMember_ShareholdersEquityMember","StatementOfChangesInEquity"
"純資産","8994000",NA,"2017-03-31","NetAssets","Prior2YearInstant_NonConsolidatedMember_ValuationDifferenceOnAvailableForSaleSecuritiesMember","BalanceSheet"
"純資産","8994000",NA,"2017-03-31","NetAssets","Prior2YearInstant_NonConsolidatedMember_ValuationDifferenceOnAvailableForSaleSecuritiesMember","StatementOfChangesInEquity"
"純資産","8994000",NA,"2017-03-31","NetAssets","Prior2YearInstant_NonConsolidatedMember_ValuationAndTranslationAdjustmentsMember","BalanceSheet"
"純資産","8994000",NA,"2017-03-31","NetAssets","Prior2YearInstant_NonConsolidatedMember_ValuationAndTranslationAdjustmentsMember","StatementOfChangesInEquity"
"純資産","5816219000",NA,"2017-03-31","NetAssets","Prior2YearInstant_NonConsolidatedMember","BalanceSheet"
"純資産","5816219000",NA,"2017-03-31","NetAssets","Prior2YearInstant_NonConsolidatedMember","StatementOfChangesInEquity"
"当期純利益又は当期純損失（△）","-41751000","2017-04-01","2018-03-31","ProfitLoss","Prior1YearDuration_NonConsolidatedMember_ShareholdersEquityMember","StatementOfIncome"
"当期純利益又は当期純損失（△）","-41751000","2017-04-01","2018-03-31","ProfitLoss","Prior1YearDuration_NonConsolidatedMember_ShareholdersEquityMember","StatementOfChangesInEquity"
"当期純利益又は当期純損失（△）","-41751000","2017-04-01","2018-03-31","ProfitLoss","Prior1YearDuration_NonConsolidatedMember","StatementOfIncome"
"当期純利益又は当期純損失（△）","-41751000","2017-04-01","2018-03-31","ProfitLoss","Prior1YearDuration_NonConsolidatedMember","StatementOfChangesInEquity"
"株主資本以外の項目の当期変動額（純額）","1582000","2017-04-01","2018-03-31","NetChangesOfItemsOtherThanShareholdersEquity","Prior1YearDuration_NonConsolidatedMember_ValuationDifferenceOnAvailableForSaleSecuritiesMember","StatementOfChangesInEquity"
"株主資本以外の項目の当期変動額（純額）","1582000","2017-04-01","2018-03-31","NetChangesOfItemsOtherThanShareholdersEquity","Prior1YearDuration_NonConsolidatedMember_ValuationAndTranslationAdjustmentsMember","StatementOfChangesInEquity"
"株主資本以外の項目の当期変動額（純額）","1582000","2017-04-01","2018-03-31","NetChangesOfItemsOtherThanShareholdersEquity","Prior1YearDuration_NonConsolidatedMember","StatementOfChangesInEquity"
"当期変動額合計",NA,"2017-04-01","2018-03-31","TotalChangesOfItemsDuringThePeriod","Prior1YearDuration_NonConsolidatedMember_TreasuryStockMember","StatementOfChangesInEquity"
"当期変動額合計","-41751000","2017-04-01","2018-03-31","TotalChangesOfItemsDuringThePeriod","Prior1YearDuration_NonConsolidatedMember_ShareholdersEquityMember","StatementOfChangesInEquity"
"当期変動額合計","1582000","2017-04-01","2018-03-31","TotalChangesOfItemsDuringThePeriod","Prior1YearDuration_NonConsolidatedMember_ValuationDifferenceOnAvailableForSaleSecuritiesMember","StatementOfChangesInEquity"
"当期変動額合計","1582000","2017-04-01","2018-03-31","TotalChangesOfItemsDuringThePeriod","Prior1YearDuration_NonConsolidatedMember_ValuationAndTranslationAdjustmentsMember","StatementOfChangesInEquity"
"当期変動額合計","-40168000","2017-04-01","2018-03-31","TotalChangesOfItemsDuringThePeriod","Prior1YearDuration_NonConsolidatedMember","StatementOfChangesInEquity"
"純資産","-245957000",NA,"2018-03-31","NetAssets","Prior1YearInstant_NonConsolidatedMember_TreasuryStockMember","BalanceSheet"
"純資産","-245957000",NA,"2018-03-31","NetAssets","Prior1YearInstant_NonConsolidatedMember_TreasuryStockMember","StatementOfChangesInEquity"
"純資産","5765473000",NA,"2018-03-31","NetAssets","Prior1YearInstant_NonConsolidatedMember_ShareholdersEquityMember","BalanceSheet"
"純資産","5765473000",NA,"2018-03-31","NetAssets","Prior1YearInstant_NonConsolidatedMember_ShareholdersEquityMember","StatementOfChangesInEquity"
"純資産","10577000",NA,"2018-03-31","NetAssets","Prior1YearInstant_NonConsolidatedMember_ValuationDifferenceOnAvailableForSaleSecuritiesMember","BalanceSheet"
"純資産","10577000",NA,"2018-03-31","NetAssets","Prior1YearInstant_NonConsolidatedMember_ValuationDifferenceOnAvailableForSaleSecuritiesMember","StatementOfChangesInEquity"
"純資産","10577000",NA,"2018-03-31","NetAssets","Prior1YearInstant_NonConsolidatedMember_ValuationAndTranslationAdjustmentsMember","BalanceSheet"
"純資産","10577000",NA,"2018-03-31","NetAssets","Prior1YearInstant_NonConsolidatedMember_ValuationAndTranslationAdjustmentsMember","StatementOfChangesInEquity"
"純資産","5776050000",NA,"2018-03-31","NetAssets","Prior1YearInstant_NonConsolidatedMember","BalanceSheet"
"純資産","5776050000",NA,"2018-03-31","NetAssets","Prior1YearInstant_NonConsolidatedMember","StatementOfChangesInEquity"
"純資産","2693150000",NA,"2018-03-31","NetAssets","Prior1YearInstant_NonConsolidatedMember_CapitalStockMember","BalanceSheet"
"純資産","2693150000",NA,"2018-03-31","NetAssets","Prior1YearInstant_NonConsolidatedMember_CapitalStockMember","StatementOfChangesInEquity"
"純資産","2629570000",NA,"2018-03-31","NetAssets","Prior1YearInstant_NonConsolidatedMember_LegalCapitalSurplusMember","BalanceSheet"
"純資産","2629570000",NA,"2018-03-31","NetAssets","Prior1YearInstant_NonConsolidatedMember_LegalCapitalSurplusMember","StatementOfChangesInEquity"
"純資産","42501000",NA,"2018-03-31","NetAssets","Prior1YearInstant_NonConsolidatedMember_OtherCapitalSurplusMember","BalanceSheet"
"純資産","42501000",NA,"2018-03-31","NetAssets","Prior1YearInstant_NonConsolidatedMember_OtherCapitalSurplusMember","StatementOfChangesInEquity"
"純資産","2672071000",NA,"2018-03-31","NetAssets","Prior1YearInstant_NonConsolidatedMember_CapitalSurplusMember","BalanceSheet"
"純資産","2672071000",NA,"2018-03-31","NetAssets","Prior1YearInstant_NonConsolidatedMember_CapitalSurplusMember","StatementOfChangesInEquity"
"純資産","336150000",NA,"2018-03-31","NetAssets","Prior1YearInstant_NonConsolidatedMember_LegalRetainedEarningsMember","BalanceSheet"
"純資産","336150000",NA,"2018-03-31","NetAssets","Prior1YearInstant_NonConsolidatedMember_LegalRetainedEarningsMember","StatementOfChangesInEquity"
"純資産","1000000000",NA,"2018-03-31","NetAssets","Prior1YearInstant_NonConsolidatedMember_GeneralReserveMember","BalanceSheet"
"純資産","1000000000",NA,"2018-03-31","NetAssets","Prior1YearInstant_NonConsolidatedMember_GeneralReserveMember","StatementOfChangesInEquity"
"純資産","-689942000",NA,"2018-03-31","NetAssets","Prior1YearInstant_NonConsolidatedMember_RetainedEarningsBroughtForwardMember","BalanceSheet"
"純資産","-689942000",NA,"2018-03-31","NetAssets","Prior1YearInstant_NonConsolidatedMember_RetainedEarningsBroughtForwardMember","StatementOfChangesInEquity"
"純資産","646208000",NA,"2018-03-31","NetAssets","Prior1YearInstant_NonConsolidatedMember_RetainedEarningsMember","BalanceSheet"
"純資産","646208000",NA,"2018-03-31","NetAssets","Prior1YearInstant_NonConsolidatedMember_RetainedEarningsMember","StatementOfChangesInEquity"
"当期純利益又は当期純損失（△）","-310564000","2018-04-01","2019-03-31","ProfitLoss","CurrentYearDuration_NonConsolidatedMember_RetainedEarningsBroughtForwardMember","StatementOfIncome"
"当期純利益又は当期純損失（△）","-310564000","2018-04-01","2019-03-31","ProfitLoss","CurrentYearDuration_NonConsolidatedMember_RetainedEarningsBroughtForwardMember","StatementOfChangesInEquity"
"当期純利益又は当期純損失（△）","-310564000","2018-04-01","2019-03-31","ProfitLoss","CurrentYearDuration_NonConsolidatedMember_RetainedEarningsMember","StatementOfIncome"
"当期純利益又は当期純損失（△）","-310564000","2018-04-01","2019-03-31","ProfitLoss","CurrentYearDuration_NonConsolidatedMember_RetainedEarningsMember","StatementOfChangesInEquity"
"当期変動額合計",NA,"2018-04-01","2019-03-31","TotalChangesOfItemsDuringThePeriod","CurrentYearDuration_NonConsolidatedMember_CapitalStockMember","StatementOfChangesInEquity"
"当期変動額合計",NA,"2018-04-01","2019-03-31","TotalChangesOfItemsDuringThePeriod","CurrentYearDuration_NonConsolidatedMember_LegalCapitalSurplusMember","StatementOfChangesInEquity"
"当期変動額合計",NA,"2018-04-01","2019-03-31","TotalChangesOfItemsDuringThePeriod","CurrentYearDuration_NonConsolidatedMember_OtherCapitalSurplusMember","StatementOfChangesInEquity"
"当期変動額合計",NA,"2018-04-01","2019-03-31","TotalChangesOfItemsDuringThePeriod","CurrentYearDuration_NonConsolidatedMember_CapitalSurplusMember","StatementOfChangesInEquity"
"当期変動額合計",NA,"2018-04-01","2019-03-31","TotalChangesOfItemsDuringThePeriod","CurrentYearDuration_NonConsolidatedMember_LegalRetainedEarningsMember","StatementOfChangesInEquity"
"当期変動額合計",NA,"2018-04-01","2019-03-31","TotalChangesOfItemsDuringThePeriod","CurrentYearDuration_NonConsolidatedMember_GeneralReserveMember","StatementOfChangesInEquity"
"当期変動額合計","-310564000","2018-04-01","2019-03-31","TotalChangesOfItemsDuringThePeriod","CurrentYearDuration_NonConsolidatedMember_RetainedEarningsBroughtForwardMember","StatementOfChangesInEquity"
"当期変動額合計","-310564000","2018-04-01","2019-03-31","TotalChangesOfItemsDuringThePeriod","CurrentYearDuration_NonConsolidatedMember_RetainedEarningsMember","StatementOfChangesInEquity"
"純資産","2693150000",NA,"2019-03-31","NetAssets","CurrentYearInstant_NonConsolidatedMember_CapitalStockMember","BalanceSheet"
"純資産","2693150000",NA,"2019-03-31","NetAssets","CurrentYearInstant_NonConsolidatedMember_CapitalStockMember","StatementOfChangesInEquity"
"純資産","2629570000",NA,"2019-03-31","NetAssets","CurrentYearInstant_NonConsolidatedMember_LegalCapitalSurplusMember","BalanceSheet"
"純資産","2629570000",NA,"2019-03-31","NetAssets","CurrentYearInstant_NonConsolidatedMember_LegalCapitalSurplusMember","StatementOfChangesInEquity"
"純資産","42501000",NA,"2019-03-31","NetAssets","CurrentYearInstant_NonConsolidatedMember_OtherCapitalSurplusMember","BalanceSheet"
"純資産","42501000",NA,"2019-03-31","NetAssets","CurrentYearInstant_NonConsolidatedMember_OtherCapitalSurplusMember","StatementOfChangesInEquity"
"純資産","2672071000",NA,"2019-03-31","NetAssets","CurrentYearInstant_NonConsolidatedMember_CapitalSurplusMember","BalanceSheet"
"純資産","2672071000",NA,"2019-03-31","NetAssets","CurrentYearInstant_NonConsolidatedMember_CapitalSurplusMember","StatementOfChangesInEquity"
"純資産","336150000",NA,"2019-03-31","NetAssets","CurrentYearInstant_NonConsolidatedMember_LegalRetainedEarningsMember","BalanceSheet"
"純資産","336150000",NA,"2019-03-31","NetAssets","CurrentYearInstant_NonConsolidatedMember_LegalRetainedEarningsMember","StatementOfChangesInEquity"
"純資産","1000000000",NA,"2019-03-31","NetAssets","CurrentYearInstant_NonConsolidatedMember_GeneralReserveMember","BalanceSheet"
"純資産","1000000000",NA,"2019-03-31","NetAssets","CurrentYearInstant_NonConsolidatedMember_GeneralReserveMember","StatementOfChangesInEquity"
"純資産","-1000506000",NA,"2019-03-31","NetAssets","CurrentYearInstant_NonConsolidatedMember_RetainedEarningsBroughtForwardMember","BalanceSheet"
"純資産","-1000506000",NA,"2019-03-31","NetAssets","CurrentYearInstant_NonConsolidatedMember_RetainedEarningsBroughtForwardMember","StatementOfChangesInEquity"
"純資産","335644000",NA,"2019-03-31","NetAssets","CurrentYearInstant_NonConsolidatedMember_RetainedEarningsMember","BalanceSheet"
"純資産","335644000",NA,"2019-03-31","NetAssets","CurrentYearInstant_NonConsolidatedMember_RetainedEarningsMember","StatementOfChangesInEquity"
"純資産","-245957000",NA,"2018-03-31","NetAssets","Prior1YearInstant_NonConsolidatedMember_TreasuryStockMember","BalanceSheet"
"純資産","-245957000",NA,"2018-03-31","NetAssets","Prior1YearInstant_NonConsolidatedMember_TreasuryStockMember","StatementOfChangesInEquity"
"純資産","5765473000",NA,"2018-03-31","NetAssets","Prior1YearInstant_NonConsolidatedMember_ShareholdersEquityMember","BalanceSheet"
"純資産","5765473000",NA,"2018-03-31","NetAssets","Prior1YearInstant_NonConsolidatedMember_ShareholdersEquityMember","StatementOfChangesInEquity"
"純資産","10577000",NA,"2018-03-31","NetAssets","Prior1YearInstant_NonConsolidatedMember_ValuationDifferenceOnAvailableForSaleSecuritiesMember","BalanceSheet"
"純資産","10577000",NA,"2018-03-31","NetAssets","Prior1YearInstant_NonConsolidatedMember_ValuationDifferenceOnAvailableForSaleSecuritiesMember","StatementOfChangesInEquity"
"純資産","10577000",NA,"2018-03-31","NetAssets","Prior1YearInstant_NonConsolidatedMember_ValuationAndTranslationAdjustmentsMember","BalanceSheet"
"純資産","10577000",NA,"2018-03-31","NetAssets","Prior1YearInstant_NonConsolidatedMember_ValuationAndTranslationAdjustmentsMember","StatementOfChangesInEquity"
"純資産","5776050000",NA,"2018-03-31","NetAssets","Prior1YearInstant_NonConsolidatedMember","BalanceSheet"
"純資産","5776050000",NA,"2018-03-31","NetAssets","Prior1YearInstant_NonConsolidatedMember","StatementOfChangesInEquity"
"当期純利益又は当期純損失（△）","-310564000","2018-04-01","2019-03-31","ProfitLoss","CurrentYearDuration_NonConsolidatedMember_ShareholdersEquityMember","StatementOfIncome"
"当期純利益又は当期純損失（△）","-310564000","2018-04-01","2019-03-31","ProfitLoss","CurrentYearDuration_NonConsolidatedMember_ShareholdersEquityMember","StatementOfChangesInEquity"
"当期純利益又は当期純損失（△）","-310564000","2018-04-01","2019-03-31","ProfitLoss","CurrentYearDuration_NonConsolidatedMember","StatementOfIncome"
"当期純利益又は当期純損失（△）","-310564000","2018-04-01","2019-03-31","ProfitLoss","CurrentYearDuration_NonConsolidatedMember","StatementOfChangesInEquity"
"株主資本以外の項目の当期変動額（純額）","-3771000","2018-04-01","2019-03-31","NetChangesOfItemsOtherThanShareholdersEquity","CurrentYearDuration_NonConsolidatedMember_ValuationDifferenceOnAvailableForSaleSecuritiesMember","StatementOfChangesInEquity"
"株主資本以外の項目の当期変動額（純額）","-3771000","2018-04-01","2019-03-31","NetChangesOfItemsOtherThanShareholdersEquity","CurrentYearDuration_NonConsolidatedMember_ValuationAndTranslationAdjustmentsMember","StatementOfChangesInEquity"
"株主資本以外の項目の当期変動額（純額）","-3771000","2018-04-01","2019-03-31","NetChangesOfItemsOtherThanShareholdersEquity","CurrentYearDuration_NonConsolidatedMember","StatementOfChangesInEquity"
"当期変動額合計",NA,"2018-04-01","2019-03-31","TotalChangesOfItemsDuringThePeriod","CurrentYearDuration_NonConsolidatedMember_TreasuryStockMember","StatementOfChangesInEquity"
"当期変動額合計","-310564000","2018-04-01","2019-03-31","TotalChangesOfItemsDuringThePeriod","CurrentYearDuration_NonConsolidatedMember_ShareholdersEquityMember","StatementOfChangesInEquity"
"当期変動額合計","-3771000","2018-04-01","2019-03-31","TotalChangesOfItemsDuringThePeriod","CurrentYearDuration_NonConsolidatedMember_ValuationDifferenceOnAvailableForSaleSecuritiesMember","StatementOfChangesInEquity"
"当期変動額合計","-3771000","2018-04-01","2019-03-31","TotalChangesOfItemsDuringThePeriod","CurrentYearDuration_NonConsolidatedMember_ValuationAndTranslationAdjustmentsMember","StatementOfChangesInEquity"
"当期変動額合計","-314335000","2018-04-01","2019-03-31","TotalChangesOfItemsDuringThePeriod","CurrentYearDuration_NonConsolidatedMember","StatementOfChangesInEquity"
"純資産","-245957000",NA,"2019-03-31","NetAssets","CurrentYearInstant_NonConsolidatedMember_TreasuryStockMember","BalanceSheet"
"純資産","-245957000",NA,"2019-03-31","NetAssets","CurrentYearInstant_NonConsolidatedMember_TreasuryStockMember","StatementOfChangesInEquity"
"純資産","5454908000",NA,"2019-03-31","NetAssets","CurrentYearInstant_NonConsolidatedMember_ShareholdersEquityMember","BalanceSheet"
"純資産","5454908000",NA,"2019-03-31","NetAssets","CurrentYearInstant_NonConsolidatedMember_ShareholdersEquityMember","StatementOfChangesInEquity"
"純資産","6805000",NA,"2019-03-31","NetAssets","CurrentYearInstant_NonConsolidatedMember_ValuationDifferenceOnAvailableForSaleSecuritiesMember","BalanceSheet"
"純資産","6805000",NA,"2019-03-31","NetAssets","CurrentYearInstant_NonConsolidatedMember_ValuationDifferenceOnAvailableForSaleSecuritiesMember","StatementOfChangesInEquity"
"純資産","6805000",NA,"2019-03-31","NetAssets","CurrentYearInstant_NonConsolidatedMember_ValuationAndTranslationAdjustmentsMember","BalanceSheet"
"純資産","6805000",NA,"2019-03-31","NetAssets","CurrentYearInstant_NonConsolidatedMember_ValuationAndTranslationAdjustmentsMember","StatementOfChangesInEquity"
"純資産","5461714000",NA,"2019-03-31","NetAssets","CurrentYearInstant_NonConsolidatedMember","BalanceSheet"
"純資産","5461714000",NA,"2019-03-31","NetAssets","CurrentYearInstant_NonConsolidatedMember","StatementOfChangesInEquity"
"税引前当期純利益又は税引前当期純損失（△）","-22581000","2017-04-01","2018-03-31","IncomeBeforeIncomeTaxes","Prior1YearDuration_NonConsolidatedMember","StatementOfIncome"
"税引前当期純利益又は税引前当期純損失（△）","-22581000","2017-04-01","2018-03-31","IncomeBeforeIncomeTaxes","Prior1YearDuration_NonConsolidatedMember","StatementOfCashFlows-indirect"
"税引前当期純利益又は税引前当期純損失（△）","-291393000","2018-04-01","2019-03-31","IncomeBeforeIncomeTaxes","CurrentYearDuration_NonConsolidatedMember","StatementOfIncome"
"税引前当期純利益又は税引前当期純損失（△）","-291393000","2018-04-01","2019-03-31","IncomeBeforeIncomeTaxes","CurrentYearDuration_NonConsolidatedMember","StatementOfCashFlows-indirect"
"減価償却費","14465000","2017-04-01","2018-03-31","DepreciationAndAmortizationOpeCF","Prior1YearDuration_NonConsolidatedMember","StatementOfCashFlows-indirect"
"減価償却費","10175000","2018-04-01","2019-03-31","DepreciationAndAmortizationOpeCF","CurrentYearDuration_NonConsolidatedMember","StatementOfCashFlows-indirect"
"減損損失","11438000","2017-04-01","2018-03-31","ImpairmentLossOpeCF","Prior1YearDuration_NonConsolidatedMember","StatementOfCashFlows-indirect"
"減損損失","263000","2018-04-01","2019-03-31","ImpairmentLossOpeCF","CurrentYearDuration_NonConsolidatedMember","StatementOfCashFlows-indirect"
"貸倒引当金の増減額（△は減少）","-291473000","2017-04-01","2018-03-31","IncreaseDecreaseInAllowanceForDoubtfulAccountsOpeCF","Prior1YearDuration_NonConsolidatedMember","StatementOfCashFlows-indirect"
"貸倒引当金の増減額（△は減少）","-11262000","2018-04-01","2019-03-31","IncreaseDecreaseInAllowanceForDoubtfulAccountsOpeCF","CurrentYearDuration_NonConsolidatedMember","StatementOfCashFlows-indirect"
"賞与引当金の増減額（△は減少）","-1924000","2017-04-01","2018-03-31","IncreaseDecreaseInProvisionForBonusesOpeCF","Prior1YearDuration_NonConsolidatedMember","StatementOfCashFlows-indirect"
"賞与引当金の増減額（△は減少）","-742000","2018-04-01","2019-03-31","IncreaseDecreaseInProvisionForBonusesOpeCF","CurrentYearDuration_NonConsolidatedMember","StatementOfCashFlows-indirect"
"訴訟損失引当金の増減額（△は減少）","-47000000","2017-04-01","2018-03-31","IncreaseDecreaseInProvisionForLossOnLitigationOpeCF","Prior1YearDuration_NonConsolidatedMember","StatementOfCashFlows-indirect"
"訴訟損失引当金の増減額（△は減少）","-3000000","2018-04-01","2019-03-31","IncreaseDecreaseInProvisionForLossOnLitigationOpeCF","CurrentYearDuration_NonConsolidatedMember","StatementOfCashFlows-indirect"
"退職給付引当金の増減額（△は減少）","-9164000","2017-04-01","2018-03-31","IncreaseDecreaseInProvisionForRetirementBenefitsOpeCF","Prior1YearDuration_NonConsolidatedMember","StatementOfCashFlows-indirect"
"退職給付引当金の増減額（△は減少）","-7488000","2018-04-01","2019-03-31","IncreaseDecreaseInProvisionForRetirementBenefitsOpeCF","CurrentYearDuration_NonConsolidatedMember","StatementOfCashFlows-indirect"
"商品取引責任準備金の増減額（△は減少）","-2388000","2017-04-01","2018-03-31","IncreaseDecreaseInReserveForCommoditiesTransactionLiabilitiesOpeCFCMD","Prior1YearDuration_NonConsolidatedMember","StatementOfCashFlows-indirect"
"商品取引責任準備金の増減額（△は減少）","4346000","2018-04-01","2019-03-31","IncreaseDecreaseInReserveForCommoditiesTransactionLiabilitiesOpeCFCMD","CurrentYearDuration_NonConsolidatedMember","StatementOfCashFlows-indirect"
"受取利息及び受取配当金","-698000","2017-04-01","2018-03-31","InterestAndDividendsIncomeOpeCF","Prior1YearDuration_NonConsolidatedMember","StatementOfCashFlows-indirect"
"受取利息及び受取配当金","-720000","2018-04-01","2019-03-31","InterestAndDividendsIncomeOpeCF","CurrentYearDuration_NonConsolidatedMember","StatementOfCashFlows-indirect"
"支払利息","377000","2017-04-01","2018-03-31","InterestExpensesOpeCF","Prior1YearDuration_NonConsolidatedMember","StatementOfCashFlows-indirect"
"支払利息","133000","2018-04-01","2019-03-31","InterestExpensesOpeCF","CurrentYearDuration_NonConsolidatedMember","StatementOfCashFlows-indirect"
"為替差損益（△は益）","654000","2017-04-01","2018-03-31","ForeignExchangeLossesGainsOpeCF","Prior1YearDuration_NonConsolidatedMember","StatementOfCashFlows-indirect"
"為替差損益（△は益）","-522000","2018-04-01","2019-03-31","ForeignExchangeLossesGainsOpeCF","CurrentYearDuration_NonConsolidatedMember","StatementOfCashFlows-indirect"
"固定資産除売却損益（△は益）","-286000","2017-04-01","2018-03-31","LossGainOnSalesAndRetirementOfNoncurrentAssetsOpeCF","Prior1YearDuration_NonConsolidatedMember","StatementOfCashFlows-indirect"
"固定資産除売却損益（△は益）","178000","2018-04-01","2019-03-31","LossGainOnSalesAndRetirementOfNoncurrentAssetsOpeCF","CurrentYearDuration_NonConsolidatedMember","StatementOfCashFlows-indirect"
"委託者未収金の増減額（△は増加）","26914000","2017-04-01","2018-03-31","DecreaseIncreaseInAccountsReceivableCustomerOpeCFCMD","Prior1YearDuration_NonConsolidatedMember","StatementOfCashFlows-indirect"
"委託者未収金の増減額（△は増加）","21401000","2018-04-01","2019-03-31","DecreaseIncreaseInAccountsReceivableCustomerOpeCFCMD","CurrentYearDuration_NonConsolidatedMember","StatementOfCashFlows-indirect"
"たな卸資産の増減額（△は増加）","6267000","2017-04-01","2018-03-31","DecreaseIncreaseInInventoriesOpeCF","Prior1YearDuration_NonConsolidatedMember","StatementOfCashFlows-indirect"
"たな卸資産の増減額（△は増加）","-25479000","2018-04-01","2019-03-31","DecreaseIncreaseInInventoriesOpeCF","CurrentYearDuration_NonConsolidatedMember","StatementOfCashFlows-indirect"
"差入保証金の増減額（△は増加）","2030919000","2017-04-01","2018-03-31","DecreaseIncreaseInGuaranteeDepositsOpeCF","Prior1YearDuration_NonConsolidatedMember","StatementOfCashFlows-indirect"
"差入保証金の増減額（△は増加）","942038000","2018-04-01","2019-03-31","DecreaseIncreaseInGuaranteeDepositsOpeCF","CurrentYearDuration_NonConsolidatedMember","StatementOfCashFlows-indirect"
"預り証拠金の増減額（△は減少）","-281506000","2017-04-01","2018-03-31","IncreaseDecreaseInCustomersDepositsReceivedForCommodityFuturesTransactionOpeCFCMD","Prior1YearDuration_NonConsolidatedMember","StatementOfCashFlows-indirect"
"預り証拠金の増減額（△は減少）","-3152158000","2018-04-01","2019-03-31","IncreaseDecreaseInCustomersDepositsReceivedForCommodityFuturesTransactionOpeCFCMD","CurrentYearDuration_NonConsolidatedMember","StatementOfCashFlows-indirect"
"その他の資産の増減額（△は増加）","783572000","2017-04-01","2018-03-31","DecreaseIncreaseInOtherAssetsOpeCF","Prior1YearDuration_NonConsolidatedMember","StatementOfCashFlows-indirect"
"その他の資産の増減額（△は増加）","1803730000","2018-04-01","2019-03-31","DecreaseIncreaseInOtherAssetsOpeCF","CurrentYearDuration_NonConsolidatedMember","StatementOfCashFlows-indirect"
"その他の負債の増減額（△は減少）","286994000","2017-04-01","2018-03-31","IncreaseDecreaseInOtherLiabilitiesOpeCF","Prior1YearDuration_NonConsolidatedMember","StatementOfCashFlows-indirect"
"その他の負債の増減額（△は減少）","-291736000","2018-04-01","2019-03-31","IncreaseDecreaseInOtherLiabilitiesOpeCF","CurrentYearDuration_NonConsolidatedMember","StatementOfCashFlows-indirect"
"小計","27436000","2017-04-01","2018-03-31","SubtotalOpeCF","Prior1YearDuration_NonConsolidatedMember","StatementOfCashFlows-indirect"
"小計","-8569000","2018-04-01","2019-03-31","SubtotalOpeCF","CurrentYearDuration_NonConsolidatedMember","StatementOfCashFlows-indirect"
"利息及び配当金の受取額","792000","2017-04-01","2018-03-31","InterestAndDividendsIncomeReceivedOpeCFInvCF","Prior1YearDuration_NonConsolidatedMember","StatementOfCashFlows-indirect"
"利息及び配当金の受取額","720000","2018-04-01","2019-03-31","InterestAndDividendsIncomeReceivedOpeCFInvCF","CurrentYearDuration_NonConsolidatedMember","StatementOfCashFlows-indirect"
"利息の支払額","-377000","2017-04-01","2018-03-31","InterestExpensesPaidOpeCFFinCF","Prior1YearDuration_NonConsolidatedMember","StatementOfCashFlows-indirect"
"利息の支払額","-133000","2018-04-01","2019-03-31","InterestExpensesPaidOpeCFFinCF","CurrentYearDuration_NonConsolidatedMember","StatementOfCashFlows-indirect"
"法人税等の支払額","-21760000","2017-04-01","2018-03-31","IncomeTaxesPaidOpeCF","Prior1YearDuration_NonConsolidatedMember","StatementOfCashFlows-indirect"
"法人税等の支払額","-19170000","2018-04-01","2019-03-31","IncomeTaxesPaidOpeCF","CurrentYearDuration_NonConsolidatedMember","StatementOfCashFlows-indirect"
"営業活動によるキャッシュ・フロー","6091000","2017-04-01","2018-03-31","NetCashProvidedByUsedInOperatingActivities","Prior1YearDuration_NonConsolidatedMember","StatementOfCashFlows-indirect"
"営業活動によるキャッシュ・フロー","-27153000","2018-04-01","2019-03-31","NetCashProvidedByUsedInOperatingActivities","CurrentYearDuration_NonConsolidatedMember","StatementOfCashFlows-indirect"
"有形固定資産の取得による支出","-11386000","2017-04-01","2018-03-31","PurchaseOfPropertyPlantAndEquipmentInvCF","Prior1YearDuration_NonConsolidatedMember","StatementOfCashFlows-indirect"
"有形固定資産の取得による支出","-2049000","2018-04-01","2019-03-31","PurchaseOfPropertyPlantAndEquipmentInvCF","CurrentYearDuration_NonConsolidatedMember","StatementOfCashFlows-indirect"
"有形固定資産の売却による収入","542000","2017-04-01","2018-03-31","ProceedsFromSalesOfPropertyPlantAndEquipmentInvCF","Prior1YearDuration_NonConsolidatedMember","StatementOfCashFlows-indirect"
"有形固定資産の売却による収入","13402000","2018-04-01","2019-03-31","ProceedsFromSalesOfPropertyPlantAndEquipmentInvCF","CurrentYearDuration_NonConsolidatedMember","StatementOfCashFlows-indirect"
"従業員に対する長期貸付けによる支出",NA,"2017-04-01","2018-03-31","PaymentsOfLongTermLoansReceivableToEmployeesInvCF","Prior1YearDuration_NonConsolidatedMember","StatementOfCashFlows-indirect"
"従業員に対する長期貸付けによる支出","-2100000","2018-04-01","2019-03-31","PaymentsOfLongTermLoansReceivableToEmployeesInvCF","CurrentYearDuration_NonConsolidatedMember","StatementOfCashFlows-indirect"
"従業員に対する長期貸付金の回収による収入",NA,"2017-04-01","2018-03-31","CollectionOfLongTermLoansReceivableToEmployeesInvCF","Prior1YearDuration_NonConsolidatedMember","StatementOfCashFlows-indirect"
"従業員に対する長期貸付金の回収による収入","170000","2018-04-01","2019-03-31","CollectionOfLongTermLoansReceivableToEmployeesInvCF","CurrentYearDuration_NonConsolidatedMember","StatementOfCashFlows-indirect"
"貸付金の回収による収入","8135000","2017-04-01","2018-03-31","CollectionOfLoansReceivableInvCF","Prior1YearDuration_NonConsolidatedMember","StatementOfCashFlows-indirect"
"貸付金の回収による収入",NA,"2018-04-01","2019-03-31","CollectionOfLoansReceivableInvCF","CurrentYearDuration_NonConsolidatedMember","StatementOfCashFlows-indirect"
"敷金及び保証金の差入による支出","-238000","2017-04-01","2018-03-31","PaymentsForLeaseAndGuaranteeDepositsInvCF","Prior1YearDuration_NonConsolidatedMember","StatementOfCashFlows-indirect"
"敷金及び保証金の差入による支出","-495000","2018-04-01","2019-03-31","PaymentsForLeaseAndGuaranteeDepositsInvCF","CurrentYearDuration_NonConsolidatedMember","StatementOfCashFlows-indirect"
"敷金及び保証金の回収による収入","17986000","2017-04-01","2018-03-31","ProceedsFromCollectionOfLeaseAndGuaranteeDepositsInvCF","Prior1YearDuration_NonConsolidatedMember","StatementOfCashFlows-indirect"
"敷金及び保証金の回収による収入","2139000","2018-04-01","2019-03-31","ProceedsFromCollectionOfLeaseAndGuaranteeDepositsInvCF","CurrentYearDuration_NonConsolidatedMember","StatementOfCashFlows-indirect"
"投資活動によるキャッシュ・フロー","15039000","2017-04-01","2018-03-31","NetCashProvidedByUsedInInvestmentActivities","Prior1YearDuration_NonConsolidatedMember","StatementOfCashFlows-indirect"
"投資活動によるキャッシュ・フロー","11067000","2018-04-01","2019-03-31","NetCashProvidedByUsedInInvestmentActivities","CurrentYearDuration_NonConsolidatedMember","StatementOfCashFlows-indirect"
"配当金の支払額","-1457000","2017-04-01","2018-03-31","CashDividendsPaidFinCF","Prior1YearDuration_NonConsolidatedMember","StatementOfCashFlows-indirect"
"配当金の支払額","-111000","2018-04-01","2019-03-31","CashDividendsPaidFinCF","CurrentYearDuration_NonConsolidatedMember","StatementOfCashFlows-indirect"
"リース債務の返済による支出","-14954000","2017-04-01","2018-03-31","RepaymentsOfLeaseObligationsFinCF","Prior1YearDuration_NonConsolidatedMember","StatementOfCashFlows-indirect"
"リース債務の返済による支出","-7714000","2018-04-01","2019-03-31","RepaymentsOfLeaseObligationsFinCF","CurrentYearDuration_NonConsolidatedMember","StatementOfCashFlows-indirect"
"財務活動によるキャッシュ・フロー","-16411000","2017-04-01","2018-03-31","NetCashProvidedByUsedInFinancingActivities","Prior1YearDuration_NonConsolidatedMember","StatementOfCashFlows-indirect"
"財務活動によるキャッシュ・フロー","-7825000","2018-04-01","2019-03-31","NetCashProvidedByUsedInFinancingActivities","CurrentYearDuration_NonConsolidatedMember","StatementOfCashFlows-indirect"
"現金及び現金同等物に係る換算差額","-654000","2017-04-01","2018-03-31","EffectOfExchangeRateChangeOnCashAndCashEquivalents","Prior1YearDuration_NonConsolidatedMember","StatementOfCashFlows-indirect"
"現金及び現金同等物に係る換算差額","522000","2018-04-01","2019-03-31","EffectOfExchangeRateChangeOnCashAndCashEquivalents","CurrentYearDuration_NonConsolidatedMember","StatementOfCashFlows-indirect"
"現金及び現金同等物の増減額（△は減少）","4064000","2017-04-01","2018-03-31","NetIncreaseDecreaseInCashAndCashEquivalents","Prior1YearDuration_NonConsolidatedMember","StatementOfCashFlows-indirect"
"現金及び現金同等物の増減額（△は減少）","-23389000","2018-04-01","2019-03-31","NetIncreaseDecreaseInCashAndCashEquivalents","CurrentYearDuration_NonConsolidatedMember","StatementOfCashFlows-indirect"
"現金及び現金同等物の残高","2500011000",NA,"2017-03-31","CashAndCashEquivalents","Prior2YearInstant_NonConsolidatedMember","StatementOfCashFlows-indirect"
"現金及び現金同等物の残高","2504075000",NA,"2018-03-31","CashAndCashEquivalents","Prior1YearInstant_NonConsolidatedMember","StatementOfCashFlows-indirect"
"現金及び現金同等物の残高","2504075000",NA,"2018-03-31","CashAndCashEquivalents","Prior1YearInstant_NonConsolidatedMember","StatementOfCashFlows-indirect"
"現金及び現金同等物の残高","2480686000",NA,"2019-03-31","CashAndCashEquivalents","CurrentYearInstant_NonConsolidatedMember","StatementOfCashFlows-indirect"
